新闻源,个数,日更,又无异常,,,,,,,,,,
chinaventure_5g,475,今年1更新 ,无异常,,,,,,,,,,
chinaventure_dichang,3392,3天一更,无异常,,,,,,,,,,
chinaventure_jiankang,3456,几乎日更,无异常,,,,,,,,,,
chinaventure_jiaoyu,3510,几乎日更,无异常,,,,,,,,,,
chinaventure_jinrong,2580,今年无更新 ,无异常,,,,,,,,,,
chinaventure_shangyeshendu,3983,几乎日更,无异常,,,,,,,,,,
chinaventure_xinxiaofei,2467,2天一更,无异常,,,,,,,,,,
chinaventure_yingkeji,1599,一月2更,无异常,,,,,,,,,,
chinaventure_zibenshichang,4205,日更,无异常,,,,,,,,,,
chuangyejia_ai,315,超低频,无异常,网站贼慢   更新极少 ,,,,,,,,,
chuangyejia_djs,505,超低频,无异常,,,,,,,,,,
chuangyejia_jt,469,超低频,无异常,,,,,,,,,,
chuangyejia_sy,222,超低频,无异常,,,,,,,,,,
chuangyejia_tj,542,低频,无异常,这质量 http://www.chuangyejia.com/article-13237396.html  咋传销广告都跑上来了,,,,,,,,,
cyzone_zixun_car,1360,日更,无异常,,,,,,,,,,
cyzone_zixun_city,986,3天一更,无异常,,,,,,,,,,
cyzone_zixun_consumption,1997,日更,无异常,,,,,,,,,,
cyzone_zixun_entertainment,1631,,无异常,,,,,,,,,,
cyzone_zixun_kechuangban,818,,,,,,,,,,,,
cyzone_zixun_kuailiyu,,,,,,,,,,,,,
cyzone_zixun_medical,,,,,,,,,,,,,
cyzone_zixun_overseas,,,,,,,,,,,,,
cyzone_zixun_policy,,,,,,,,,,,,,
cyzone_zixun_tech,,,,,,,,,,,,,
cyzone_zixun_technology,,,,,,,,,,,,,
cyzone_zixun_vc,,,,,,,,,,,,,
equalocean_analysis,,,无异常,,,,,,,,,,
equalocean_zixun,,,,,,,,,,,,,
huxiu_article,,,,,,,,,,,,,
iheima_changye,,,,,,,,,,,,,
iheima_chuangyeguancha,,,,,,,,,,,,,
iheima_renwu,,,,,,,,,,,,,
iheima_tuijian,,,,,,,,,,,,,
iheima_zibendongtai,,,,,,,,,,,,,
itjuzi_added_orange_speak,,,,,,,,,,,,,
itjuzi_bullentin,,,,,,,,,,,,,
itjuzi_news_jigou,,,,,,,,,,,,,
itjuzi_news_jinxuan,,,,,,,,,,,,,
itjuzi_news_kuaixun,,,,,,,,,,,,,
iyiou_B2B,,,,,,,,,,,,,
iyiou_breakfread,,,,,,,,,,,,,
iyiou_canyin,,,,,,,,,,,,,
iyiou_jiazhuang,,,,,,,,,,,,,
iyiou_jinrong,,,,,,,,,,,,,
iyiou_lingshou,,,,,,,,,,,,,
iyiou_new_manufacturing,,,,,,,,,,,,,
iyiou_qiche,,,,,,,,,,,,,
iyiou_smartcity,,,,,,,,,,,,,
iyiou_wenchuang,,,,,,,,,,,,,
iyiou_wuliu,,,,,,,,,,,,,
iyiou_yhkj,,,,,,,,,,,,,
iyiou_yiliao,,,,,,,,,,,,,
iyiou_zonghe,,,,,,,,,,,,,
k36_newsflash,,,,,,,,,,,,,
k36_web_news,,,,,,,,,,,,,
lieyunwang_alun,,,,,,,,,,,,,
lieyunwang_blockchain,,,,,,,,,,,,,
lieyunwang_caibao,,,,,,,,,,,,,
lieyunwang_dynamic,,,,,,,,,,,,,
lieyunwang_internet,,,,,,,,,,,,,
lieyunwang_pioneer,,,,,,,,,,,,,
lieyunwang_special,,,,,,,,,,,,,
lieyunwang_touhang,,,,,,,,,,,,,
lieyunwang_weeklyinvest,,,,,,,,,,,,,
lieyunwang_zaobao,,,,,,,,,,,,,
lieyunwang_zfsc,,,,,,,,,,,,,
lieyunwang_zhaogushu,,,,,,,,,,,,,
pedaily_99discoveries,,,,,,,,,,,,,
pedaily_all,,,,,,,,,,,,,
pedaily_exit,,,,,,,,,,,,,
pedaily_FundEvent,,,,,,,,,,,,,
pedaily_hotnews,,,,,,,,,,,,,
pedaily_i-comsume,,,,,,,,,,,,,
pedaily_i-education,,,,,,,,,,,,,
pedaily_i-finance,,,,,,,,,,,,,
pedaily_i-investment,,,,,,,,,,,,,
pedaily_i-it,,,,,,,,,,,,,
pedaily_i-logistics,,,,,,,,,,,,,
pedaily_i-medical-health,,,,,,,,,,,,,
pedaily_i-real-estate,,,,,,,,,,,,,
pedaily_i-trip,,,,,,,,,,,,,
pedaily_origin,,,,,,,,,,,,,
pedaily_unicorn,,,,,,,,,,,,,
pedaily_vcpe,,,,,,,,,,,,,
pencilnews_articles,,,,,,,,,,,,,
pencilnews_newsflash,,,,,,,,,,,,,
tmtpost_chanye,,,,,,,,,,,,,
tmtpost_chuxing,,,,,,,,,,,,,
tmtpost_dajiankang,,,,,,,,,,,,,
tmtpost_dianjin,,,,,,,,,,,,,
tmtpost_dichan,,,,,,,,,,,,,
tmtpost_jinrong,,,无异常,,,,,,,,,,
tmtpost_kegubao,,,无异常,,,,,,,,,,
tmtpost_pince,,,无异常,,,,,,,,,,
tmtpost_qukauilian,,,,,,,,,,,,,
tmtpost_shishan,,,,,,,,,,,,,
tmtpost_sunyang,,,,,,,,,,,,,
tmtpost_wenyu,,,,,,,,,,,,,
tmtpost_xianchang,,,无异常,,,,,,,,,,
tmtpost_xinxiaofei,,,无异常,,,,,,,,,,
tmtpost_yanlun,,,,,,,,,,,,,
tmtpost_zhence,,,,,,,,,,,,,
tmtpost_zhuanti,,,,,,,,,,,,,
xfz_zixun,,,,,,,,,,,,,
