新闻源,0,日更,又无异常,
chinaventure_5g,475,今年1更新 ,无异常,
chinaventure_dichang,3392,3天一更,无异常,
chinaventure_jiankang,3456,几乎日更,无异常,
chinaventure_jiaoyu,3510,几乎日更,无异常,
chinaventure_jinrong,2580,今年无更新 ,无异常,
chinaventure_shangyeshendu,3983,几乎日更,无异常,
chinaventure_xinxiaofei,2467,2天一更,无异常,
chinaventure_yingkeji,1599,一月2更,无异常,
chinaventure_zibenshichang,4205,日更,无异常,
chuangyejia_ai,315,超低频,无异常,网站贼慢   更新极少 
chuangyejia_djs,505,超低频,无异常,
chuangyejia_jt,469,超低频,无异常,
chuangyejia_sy,222,超低频,无异常,
chuangyejia_tj,542,低频,无异常,这质量 http://www.chuangyejia.com/article-13237396.html  咋传销广告都跑上来了
cyzone_zixun_car,1360,日更,无异常,
cyzone_zixun_city,986,3天一更,无异常,
cyzone_zixun_consumption,1997,日更,无异常,
cyzone_zixun_entertainment,1631,,无异常,
cyzone_zixun_kechuangban,818,,无异常,
cyzone_zixun_kuailiyu,1223,,无异常,
cyzone_zixun_medical,879,,无异常,
cyzone_zixun_overseas,1073,,无异常,
cyzone_zixun_policy,322,,无异常,
cyzone_zixun_tech,289,,无异常,
cyzone_zixun_technology,1781,,无异常,
cyzone_zixun_vc,1154,,无异常,
equalocean_analysis,2729,,无异常,
equalocean_zixun,3160,,无异常,
huxiu_article,8583,,无异常,
iheima_changye,1276,,无异常,
iheima_chuangyeguancha,1331,,无异常,
iheima_renwu,120,,失效,
iheima_tuijian,2415,,无异常,
iheima_zibendongtai,211,,无异常,
itjuzi_added_orange_speak,835,,无异常,
itjuzi_bullentin,3272,,无异常,
itjuzi_news_jigou,881,,无异常,
itjuzi_news_jinxuan,3354,,无异常,
itjuzi_news_kuaixun,4869,,无异常,
iyiou_B2B,668,,失效,
iyiou_breakfread,336,,,
iyiou_canyin,982,,,
iyiou_jiazhuang,872,,,
iyiou_jinrong,854,,,
iyiou_lingshou,904,,,
iyiou_new_manufacturing,730,,,
iyiou_qiche,939,,,
iyiou_smartcity,795,,,
iyiou_wenchuang,887,,,
iyiou_wuliu,649,,,
iyiou_yhkj,609,,,
iyiou_yiliao,901,,,
iyiou_zonghe,985,,,
k36_newsflash,17154,,无异常,
k36_web_news,18083,,无异常,
lieyunwang_alun,1005,,无异常,
lieyunwang_blockchain,990,,无异常,
lieyunwang_caibao,227,,无异常,
lieyunwang_dynamic,1123,,无异常,
lieyunwang_internet,1524,,无异常,
lieyunwang_pioneer,1012,,无异常,
lieyunwang_special,947,,无异常,
lieyunwang_touhang,1081,,无异常,
lieyunwang_weeklyinvest,1699,,无异常,
lieyunwang_zaobao,978,,无异常,
lieyunwang_zfsc,873,,无异常,
lieyunwang_zhaogushu,137,,无异常,
pedaily_99discoveries,6448,,无异常,
pedaily_all,6309,,无异常,
pedaily_exit,1110,,无异常,
pedaily_FundEvent,1119,,无异常,
pedaily_hotnews,1178,,无异常,
pedaily_i-comsume,1238,,无异常,
pedaily_i-education,1158,,无异常,
pedaily_i-finance,1168,,无异常,
pedaily_i-investment,851,,无异常,
pedaily_i-it,1076,,无异常,
pedaily_i-logistics,1183,,无异常,
pedaily_i-medical-health,1034,,无异常,
pedaily_i-real-estate,1196,,无异常,
pedaily_i-trip,1069,,无异常,
pedaily_origin,506,,无异常,
pedaily_unicorn,1174,,失效,
pedaily_vcpe,762,,无异常,
pencilnews_articles,1162,,无异常,
pencilnews_newsflash,500,,无异常,
tmtpost_chanye,3330,,无异常,
tmtpost_chuxing,2662,,无异常,
tmtpost_dajiankang,3452,,无异常,
tmtpost_dianjin,1298,,无异常,
tmtpost_dichan,1762,,无异常,
tmtpost_jinrong,2337,,无异常,
tmtpost_kegubao,917,,无异常,
tmtpost_pince,2946,,无异常,
tmtpost_qukauilian,1490,,无异常,
tmtpost_shishan,326,,无异常,
tmtpost_sunyang,16536,,无异常,
tmtpost_wenyu,2464,,无异常,
tmtpost_xianchang,1049,,无异常,
tmtpost_xinxiaofei,3171,,无异常,
tmtpost_yanlun,1131,,无异常,
tmtpost_zhence,1213,,无异常,
tmtpost_zhuanti,3473,,无异常,
xfz_zixun,1323,,无异常,
